INSERT INTO categories (id, name, description, color, image_url) VALUES (2920, '생일', '감동을 높여줄 생일 선물 리스트', '#5949a3', 'https://img1.daumcdn.net/thumb/S104x104/?fname=https%3A%2F%2Ft1.daumcdn.net%2Fgift%2Fhome%2Ftheme%2F292020231106_MXMUB.png');
INSERT INTO categories (id, name, description, color, image_url) VALUES (2930, '교환권', '놓치면 후회할 교환권 특가', '#9290C3', 'https://img1.daumcdn.net/thumb/S104x104/?fname=https%3A%2F%2Fst.kakaocdn.net%2Fproduct%2Fgift%2Fproduct%2F20240131153049_5a22b137a8d346e9beb020a7a7f4254a.jpg');
/*
INSERT INTO products (id, name, image_url, price, category_id) VALUES
(3245119, 'product1', 'https://st.kakaocdn.net/product/gift/product/20240215083306_8e1db057580145829542463a84971ae3.png', 145000, 2930),
(2263833, 'product2', 'https://st.kakaocdn.net/product/gift/product/20200513102805_4867c1e4a7ae43b5825e9ae14e2830e3.png', 100000, 2930),
(6502823, 'product3', 'https://st.kakaocdn.net/product/gift/product/20240215112140_11f857e972bc4de6ac1d2f1af47ce182.jpg', 108000, 2920),
(1181831, 'product4', 'https://st.kakaocdn.net/product/gift/product/20240214150740_ad25267defa64912a7c030a7b57dc090.jpg', 122000, 2920),
(1379982, 'product5', 'https://st.kakaocdn.net/product/gift/product/20240118135914_a6e1a7442ea04aa49add5e02ed62b4c3.jpg', 133000, 2930);

INSERT INTO options (name, quantity, product_id) VALUES
 ('Option A', 10, 3245119),
 ('Option B', 20, 3245119),
 ('Option A', 10, 2263833),
 ('Option B', 20, 2263833),
 ('Option A', 10, 6502823),
 ('Option B', 20, 6502823),
 ('Option A', 10, 1181831),
 ('Option B', 20, 1181831),
 ('Option A', 10, 1379982),
 ('Option B', 20, 1379982);
*/
