INSERT INTO Category (id, color, description, imageUrl, name) VALUES (1, '#FF5733', 'Description for 교환권', 'https://cdn.psnews.co.kr/news/photo/202401/2044098_92432_053.jpeg', '교환권');
INSERT INTO Category (id, color, description, imageUrl, name) VALUES (2, '#33FF57', 'Description for 상품권', 'https://cdn.psnews.co.kr/news/photo/202401/2044098_92432_053.jpeg', '상품권');
INSERT INTO Category (id, color, description, imageUrl, name) VALUES (3, '#3357FF', 'Description for 뷰티', 'https://cdn.psnews.co.kr/news/photo/202401/2044098_92432_053.jpeg', '뷰티');
INSERT INTO Category (id, color, description, imageUrl, name) VALUES (4, '#FF33A1', 'Description for 패션', 'https://cdn.psnews.co.kr/news/photo/202401/2044098_92432_053.jpeg', '패션');
INSERT INTO Category (id, color, description, imageUrl, name) VALUES (5, '#A133FF', 'Description for 식품', 'https://cdn.psnews.co.kr/news/photo/202401/2044098_92432_053.jpeg', '식품');
INSERT INTO Category (id, color, description, imageUrl, name) VALUES (6, '#FF3333', 'Description for 리빙/도서', 'https://cdn.psnews.co.kr/news/photo/202401/2044098_92432_053.jpeg', '리빙/도서');
INSERT INTO Category (id, color, description, imageUrl, name) VALUES (7, '#33FF33', 'Description for 레저/스포츠', 'https://cdn.psnews.co.kr/news/photo/202401/2044098_92432_053.jpeg', '레저/스포츠');
INSERT INTO Category (id, color, description, imageUrl, name) VALUES (8, '#3333FF', 'Description for 아티스트/캐릭터', 'https://cdn.psnews.co.kr/news/photo/202401/2044098_92432_053.jpeg', '아티스트/캐릭터');
INSERT INTO Category (id, color, description, imageUrl, name) VALUES (9, '#FFA133', 'Description for 유아동/반려', 'https://cdn.psnews.co.kr/news/photo/202401/2044098_92432_053.jpeg', '유아동/반려');
INSERT INTO Category (id, color, description, imageUrl, name) VALUES (10, '#A1FF33', 'Description for 디지털/가전', 'https://cdn.psnews.co.kr/news/photo/202401/2044098_92432_053.jpeg', '디지털/가전');

INSERT INTO Member (id, email, password, role) VALUES (1, 'user1@kakao.com', 'pw1', 'USER');
INSERT INTO Member (id, email, password, role) VALUES (2, 'user2@kakao.com', 'pw2', 'USER');
INSERT INTO Member (id, email, password, role) VALUES (3, 'user3@kakao.com', 'pw3', 'USER');
INSERT INTO Member (id, email, password, role) VALUES (4, 'user4@kakao.com', 'pw4', 'USER');
INSERT INTO Member (id, email, password, role) VALUES (5, 'admin@kakao.com', 'admin', 'ADMIN');

INSERT INTO Product (id, name, price, imageUrl, category_id) VALUES (1, 'Espresso', 1000, 'https://cdn.psnews.co.kr/news/photo/202401/2044098_92432_053.jpeg', 1);
INSERT INTO Product (id, name, price, imageUrl, category_id) VALUES (2, 'Americano', 2000, 'https://cdn.psnews.co.kr/news/photo/202401/2044098_92432_053.jpeg', 2);
INSERT INTO Product (id, name, price, imageUrl, category_id) VALUES (3, 'Latte', 3000, 'https://cdn.psnews.co.kr/news/photo/202401/2044098_92432_053.jpeg', 3);
INSERT INTO Product (id, name, price, imageUrl, category_id) VALUES (4, 'Cappuccino', 4000, 'https://cdn.psnews.co.kr/news/photo/202401/2044098_92432_053.jpeg', 4);
INSERT INTO Product (id, name, price, imageUrl, category_id) VALUES (5, 'Macchiato', 5000, 'https://cdn.psnews.co.kr/news/photo/202401/2044098_92432_053.jpeg', 5);
INSERT INTO Product (id, name, price, imageUrl, category_id) VALUES (6, 'Mocha', 6000, 'https://cdn.psnews.co.kr/news/photo/202401/2044098_92432_053.jpeg', 6);
INSERT INTO Product (id, name, price, imageUrl, category_id) VALUES (7, 'Flat White', 7000, 'https://cdn.psnews.co.kr/news/photo/202401/2044098_92432_053.jpeg', 7);
INSERT INTO Product (id, name, price, imageUrl, category_id) VALUES (8, 'Affogato', 8000, 'https://cdn.psnews.co.kr/news/photo/202401/2044098_92432_053.jpeg', 8);
INSERT INTO Product (id, name, price, imageUrl, category_id) VALUES (9, 'Cortado', 9000, 'https://cdn.psnews.co.kr/news/photo/202401/2044098_92432_053.jpeg', 9);
INSERT INTO Product (id, name, price, imageUrl, category_id) VALUES (10, 'Irish Coffee', 10000, 'https://cdn.psnews.co.kr/news/photo/202401/2044098_92432_053.jpeg', 10);

INSERT INTO Option (id, name, quantity, product_id) VALUES (1, 'Small', 100, 1);
INSERT INTO Option (id, name, quantity, product_id) VALUES (2, 'Medium', 200, 1);
INSERT INTO Option (id, name, quantity, product_id) VALUES (3, 'Large', 300, 1);
INSERT INTO Option (id, name, quantity, product_id) VALUES (4, 'Small', 100, 2);
INSERT INTO Option (id, name, quantity, product_id) VALUES (5, 'Medium', 200, 2);
INSERT INTO Option (id, name, quantity, product_id) VALUES (6, 'Large', 300, 2);
INSERT INTO Option (id, name, quantity, product_id) VALUES (7, 'Small', 100, 3);
INSERT INTO Option (id, name, quantity, product_id) VALUES (8, 'Medium', 200, 3);
INSERT INTO Option (id, name, quantity, product_id) VALUES (9, 'Large', 300, 3);
INSERT INTO Option (id, name, quantity, product_id) VALUES (10, 'Small', 100, 4);
INSERT INTO Option (id, name, quantity, product_id) VALUES (11, 'Medium', 200, 4);
INSERT INTO Option (id, name, quantity, product_id) VALUES (12, 'Large', 300, 4);
INSERT INTO Option (id, name, quantity, product_id) VALUES (13, 'Small', 100, 5);
INSERT INTO Option (id, name, quantity, product_id) VALUES (14, 'Medium', 200, 5);
INSERT INTO Option (id, name, quantity, product_id) VALUES (15, 'Large', 300, 5);
INSERT INTO Option (id, name, quantity, product_id) VALUES (16, 'Small', 100, 6);
INSERT INTO Option (id, name, quantity, product_id) VALUES (17, 'Medium', 200, 6);
INSERT INTO Option (id, name, quantity, product_id) VALUES (18, 'Large', 300, 6);
INSERT INTO Option (id, name, quantity, product_id) VALUES (19, 'Small', 100, 7);
INSERT INTO Option (id, name, quantity, product_id) VALUES (20, 'Medium', 200, 7);
INSERT INTO Option (id, name, quantity, product_id) VALUES (21, 'Large', 300, 7);
INSERT INTO Option (id, name, quantity, product_id) VALUES (22, 'Small', 100, 8);
INSERT INTO Option (id, name, quantity, product_id) VALUES (23, 'Medium', 200, 8);
INSERT INTO Option (id, name, quantity, product_id) VALUES (24, 'Large', 300, 8);
INSERT INTO Option (id, name, quantity, product_id) VALUES (25, 'Small', 100, 9);
INSERT INTO Option (id, name, quantity, product_id) VALUES (26, 'Medium', 200, 9);
INSERT INTO Option (id, name, quantity, product_id) VALUES (27, 'Large', 300, 9);
INSERT INTO Option (id, name, quantity, product_id) VALUES (28, 'Small', 100, 10);
INSERT INTO Option (id, name, quantity, product_id) VALUES (29, 'Medium', 200, 10);
INSERT INTO Option (id, name, quantity, product_id) VALUES (30, 'Large', 300, 10);

INSERT INTO Wishlist (id, member_id, product_id) VALUES (1, 1, 1);
INSERT INTO Wishlist (id, member_id, product_id) VALUES (2, 1, 2);
INSERT INTO Wishlist (id, member_id, product_id) VALUES (3, 2, 3);
INSERT INTO Wishlist (id, member_id, product_id) VALUES (4, 2, 4);
INSERT INTO Wishlist (id, member_id, product_id) VALUES (5, 3, 5);
INSERT INTO Wishlist (id, member_id, product_id) VALUES (6, 3, 6);
INSERT INTO Wishlist (id, member_id, product_id) VALUES (7, 4, 7);
INSERT INTO Wishlist (id, member_id, product_id) VALUES (8, 4, 8);
INSERT INTO Wishlist (id, member_id, product_id) VALUES (9, 5, 9);
INSERT INTO Wishlist (id, member_id, product_id) VALUES (10, 5, 10);
INSERT INTO Wishlist (id, member_id, product_id) VALUES (11, 1, 5);
INSERT INTO Wishlist (id, member_id, product_id) VALUES (12, 2, 2);
INSERT INTO Wishlist (id, member_id, product_id) VALUES (13, 3, 3);
INSERT INTO Wishlist (id, member_id, product_id) VALUES (14, 4, 4);
INSERT INTO Wishlist (id, member_id, product_id) VALUES (15, 5, 5);
INSERT INTO Wishlist (id, member_id, product_id) VALUES (16, 1, 6);
INSERT INTO Wishlist (id, member_id, product_id) VALUES (17, 2, 7);
INSERT INTO Wishlist (id, member_id, product_id) VALUES (18, 3, 8);
INSERT INTO Wishlist (id, member_id, product_id) VALUES (19, 4, 9);
INSERT INTO Wishlist (id, member_id, product_id) VALUES (20, 5, 10);
